,founder_id,founder_name,url
0,1,Matthew Franklin,
1,3,Mauro Arruda,https://media.licdn.cn/dms/image/C4E03AQEa01J7xELhFg/profile-displayphoto-shrink_800_800/0?e=1588204800&v=beta&t=gXOGjrdImINviRkS9QANQZvLbzhedu_klixcMnwqz-w
2,5,Alexey Storm,https://media.licdn.cn/dms/image/C4E03AQEaDmb2coMzZg/profile-displayphoto-shrink_800_800/0?e=1588204800&v=beta&t=y797w52H9Fb4ujT254blnTCYd0ICQUqan95ksyfDn5U
3,8,Dmitry Okatenko,
4,9,Jonny Dunning,https://media.licdn.cn/dms/image/C4D03AQE0TBVV1FFA7w/profile-displayphoto-shrink_800_800/0?e=1588204800&v=beta&t=hfVDAwYQzdt6Wjqt9M7aUKRQWCitZSYJWINGpQ8Go24
5,10,Daniil Voloshin,https://media.licdn.cn/dms/image/C4E03AQHMLTGWUrnZuQ/profile-displayphoto-shrink_800_800/0?e=1588204800&v=beta&t=sYDPuopm_j05cNEtQkHl1vnHteMQ3VqkHYL_kKTrsEQ
6,12,Debbie Wake,https://media.licdn.cn/dms/image/C4D03AQH0Cs13HpZhcw/profile-displayphoto-shrink_800_800/0?e=1588204800&v=beta&t=b0nEalMQipozI_17ZG-PJhGi4FL_sy3OyMEBVrOBAaY
7,13,Ynon Shild,https://media.licdn.cn/dms/image/C5603AQFMWeDhYpEpCg/profile-displayphoto-shrink_800_800/0?e=1588204800&v=beta&t=Fxku3JR-LqNVUxEtuARwYX-H_ZrC60IwFYYSq3OOJp4
8,14,Owen Hanks,https://media.licdn.cn/dms/image/C5603AQHoxD0myOgirg/profile-displayphoto-shrink_800_800/0?e=1588204800&v=beta&t=cv3ikzzfT7CqtgEXAEkhhE93W8nsK4ai2WFo8G2fGr4
9,15,Larry Poon,https://media.licdn.cn/dms/image/C4E03AQH49mMiI0tlYA/profile-displayphoto-shrink_800_800/0?e=1588204800&v=beta&t=m6oLwfWa5jghb882F45gIYwM0t4OrJYGWV19nVeOFxA
10,16,Vasileios Touronis,https://media.licdn.cn/dms/image/C5603AQF6I_hs2fRtzQ/profile-displayphoto-shrink_800_800/0?e=1588204800&v=beta&t=LFyvwYBGCdadlTUjfCKjtu7huWHr-SajEinLaTFZmac
11,17,Andrew  Miners,
12,18,Jonathan Holtby,https://media.licdn.cn/dms/image/C4D03AQGBxl072PabCQ/profile-displayphoto-shrink_800_800/0?e=1588204800&v=beta&t=6pkN8jhvc1za3Uzg13aAQXemZFYI1a-h1qu2KN9fuIA
13,19,Karin Mikluha,https://media.licdn.cn/dms/image/C5603AQFBbMmCxlsaaw/profile-displayphoto-shrink_800_800/0?e=1588204800&v=beta&t=Mr-vG8jbe07QkzpO-RoTkntegU8NCMDbth2bDmoACGk
14,20,Pablo Gonzalez-Iglesias,https://media.licdn.cn/dms/image/C5603AQGA29T13799Og/profile-displayphoto-shrink_800_800/0?e=1588204800&v=beta&t=YGjyM8yw2qujujJqOj3KPx9XvnL4w350myFJhvUst-w
15,21,Atif Fazil,https://media.licdn.cn/dms/image/C5603AQEfUwEXuGyJHA/profile-displayphoto-shrink_800_800/0?e=1588204800&v=beta&t=9jSI_gqQ-PRtPanRBGhj1XDfs7n3sqTkH_Uuup3nVC4
16,23,Simon O'Kelly,https://media.licdn.cn/dms/image/C4D03AQG2DtFH-oJRuQ/profile-displayphoto-shrink_800_800/0?e=1588204800&v=beta&t=ifEdAVj-9YHEbazhIkk7tmC51gWS3kq-EHE8QpfymOs
17,24,Adrian Dawe,https://media.licdn.cn/dms/image/C4E03AQGCPgBDBggPRw/profile-displayphoto-shrink_800_800/0?e=1588204800&v=beta&t=0wAf9stYfV3f4q3f61dXceIVuhECmDGobfCO61JK73c
18,25,Zaheer Hosany,https://media.licdn.cn/dms/image/C5603AQHe7d1OR69s6w/profile-displayphoto-shrink_800_800/0?e=1588204800&v=beta&t=cI5UxKKrlGV6P6dVc9faNwWUleE9OeQx-5yvNbPvN8Q
19,26,Daniel Fogg,https://media.licdn.cn/dms/image/C4E03AQFi7FwJPYDFjA/profile-displayphoto-shrink_800_800/0?e=1588204800&v=beta&t=2wECZCiOgugLQQcw7fks5S2d6u5Xg1rnksjShD3BsPA
20,27,Joe Petrie,
21,28,Sam Worthy,https://media.licdn.cn/dms/image/C5603AQFUCl8nNa96PA/profile-displayphoto-shrink_800_800/0?e=1588204800&v=beta&t=fsXizNy22fuKPHp2r78Uab7gHaQ2adqzYest6QsXuDY
22,29,Doug Stephenson,https://media.licdn.cn/dms/image/C5603AQG-hPbpuwAinw/profile-displayphoto-shrink_800_800/0?e=1588204800&v=beta&t=UelHU2KcZ8pckuE50dNTjPPMUpNoX6J7V5ImqwMW7QY
23,30,Albert Azis-Clauson,https://media.licdn.cn/dms/image/C4D03AQHgKRGLaIhsxA/profile-displayphoto-shrink_800_800/0?e=1588204800&v=beta&t=hgAkt7mhTQn_bVjiesHnFRwwOCzEyccgjtlcEc7MypQ
24,31,Peter-Paul de Leeuw,https://media.licdn.cn/dms/image/C5603AQH3WT6bt9FgkQ/profile-displayphoto-shrink_800_800/0?e=1588204800&v=beta&t=RYbz_RwOIpqGw-Z7CfbL9brQ1DqatXdRZHCJz2C0-8M
25,32,Andrew Kanakis,
26,33,James Balmain,https://media.licdn.cn/dms/image/C4D03AQHmZh0V8Gslig/profile-displayphoto-shrink_800_800/0?e=1588204800&v=beta&t=K-j4i9DUFixpO1XwVe8lmTfXiJpJ0AclnMxwE0crp3M
27,34,Lanre oloniniyi,https://media.licdn.cn/dms/image/C4D03AQGpnggTQe1SAg/profile-displayphoto-shrink_800_800/0?e=1588204800&v=beta&t=RlSJJ2CILDcbprqGIUp6loClGH6n8g3-hNQPASuVxO8
28,35,Christoph Pleitgen,https://media.licdn.cn/dms/image/C5603AQHAlR12W8u_zg/profile-displayphoto-shrink_800_800/0?e=1588204800&v=beta&t=YnH65YAFgSuMO3fL2udgYUUnQrtNTVWagAVJz377R14
29,37,Sam Ulph,https://media.licdn.cn/dms/image/C4D03AQHP9nTZMEzohg/profile-displayphoto-shrink_800_800/0?e=1588204800&v=beta&t=_4Ju2Xv0jTFr0BkmLCL0YUZXd5Fk6APYCHYCzkYm38Y
30,38,Maximillian Engelen,https://media.licdn.cn/dms/image/C4D03AQGqErEFSMluOQ/profile-displayphoto-shrink_800_800/0?e=1588204800&v=beta&t=3qozG4WLXwA-UkASV6XixL8ehM_GBHb2TlSJUWPPsrg
31,39,Aleksandr Krivolap,https://media.licdn.cn/dms/image/C4E03AQH7KV9FOCXg6w/profile-displayphoto-shrink_800_800/0?e=1588204800&v=beta&t=aufWl76xs5LUkCr0S2rVw0kLtLRHpapujhreQRpYQrw
32,40,Chen Malka,https://media.licdn.cn/dms/image/C4D03AQFX2s4Pn2Ibsg/profile-displayphoto-shrink_800_800/0?e=1588204800&v=beta&t=ryr0_mGqeN-a8IPOPKtFBUXg0E9WcEe4xUD0sFGL1SU
33,41,Revannth N Murugesan,https://media.licdn.cn/dms/image/C4D03AQFNHOsY0D9ZYA/profile-displayphoto-shrink_800_800/0?e=1588204800&v=beta&t=g_QuYXpy4CizWZ0EWhRMo4kLHHLK4i-w3tVnHnmKEIY
34,42,Tim Fouracre,https://media.licdn.cn/dms/image/C4E03AQHyn4HGm-w1hQ/profile-displayphoto-shrink_800_800/0?e=1588204800&v=beta&t=aXFhfZVbB_V5Y5oIag6fL9bVgGS1ZbcVifAnF6iugyg
35,43,Jason Russell,
36,44,Rachel Carrell,https://media.licdn.cn/dms/image/C4D03AQGp1bNLq-aHkw/profile-displayphoto-shrink_800_800/0?e=1588204800&v=beta&t=OhcZ8Vg17-pqDLySkb8YJdi_z3plJ0j3LD2ORTEqPRE
37,45,Michael McCabe,https://media.licdn.cn/dms/image/C4D03AQHBMtNUAxIneQ/profile-displayphoto-shrink_800_800/0?e=1588204800&v=beta&t=wl--2iZm9elw6KBc-Kzj57kRcAv_xF7OBg8wt0jhVks
38,46,Terry Canning,https://media.licdn.cn/dms/image/C4D03AQFNafgiL2KGEg/profile-displayphoto-shrink_800_800/0?e=1588204800&v=beta&t=gHQVdQC5KaOPtn8IEHJSar2_PQULRtj04qH056szVbY
39,47,Simon Tian,
40,48,Reuel Fleary-Griffiths,
41,49,Kirill Gichunts,https://media.licdn.cn/dms/image/C4D03AQHh8ElT5JvOMQ/profile-displayphoto-shrink_800_800/0?e=1588204800&v=beta&t=zz7PrayUEg-hPrfxpMT8iGtZfV4K1-WIGzgIoPCtNV4
42,50,William Cowell de Gruchy,https://media.licdn.cn/dms/image/C4D03AQGjaa6DMGd44w/profile-displayphoto-shrink_800_800/0?e=1588204800&v=beta&t=IS1DkYdbC8oGduvnkbk9QmaXPhRZ4NWZ3NVtyUYPg7w
43,51,Nedko Ivanov,https://media.licdn.cn/dms/image/C5103AQH7vZh3yYVAUA/profile-displayphoto-shrink_800_800/0?e=1588204800&v=beta&t=_PjA8gA_Yg_wAbFZs_4mRlf7PN43mqa1IOLJXMJ7cKw
44,52,Simon Ziegler,https://media.licdn.cn/dms/image/C5603AQHvlL1yp47Jiw/profile-displayphoto-shrink_800_800/0?e=1588204800&v=beta&t=Ijcglkoqu7I6XUFzwhR-exC_3h1Flz6jb2UhaQ5bNs0
45,53,Ben Bobo,https://media.licdn.cn/dms/image/C5603AQHFV570478Gow/profile-displayphoto-shrink_800_800/0?e=1588204800&v=beta&t=Cv2VR0sB_yndea91x0BRaCB7PmUHnmTjJ3ZcDGLm1Xk
46,54,Nick Lambert,https://media.licdn.cn/dms/image/C4D03AQFpMfPbLx2twg/profile-displayphoto-shrink_800_800/0?e=1588204800&v=beta&t=1JNfM85AA_ZCQ7dJsY67ahtYe6q1Ot8AIdrDVzOLslM
47,55,Jonathan Anderson,
48,56,Vitaly Samsonov,https://media.licdn.cn/dms/image/C4D03AQEp8_uDprOGKw/profile-displayphoto-shrink_800_800/0?e=1588204800&v=beta&t=637NNHy9HJnoJOImh0p1h9mFjR1s6y_kP9HfwVWwdks
49,57,Erik Abrahamsson,https://media.licdn.cn/dms/image/C4D03AQHc663NG4835g/profile-displayphoto-shrink_800_800/0?e=1588204800&v=beta&t=8TlRfo_574pFDe8mc196Td4FAed09BCKjZPdAhSDNNU
50,60,Michael Skelly,https://media.licdn.cn/dms/image/C4D03AQEAx8BORXAyjg/profile-displayphoto-shrink_800_800/0?e=1588204800&v=beta&t=FWvbsB6emsiETtHHEKirfwOARN0uUV0fWvO_LCjoqbE
51,61,Scott Erwin,https://media.licdn.cn/dms/image/C5603AQHmxwenVNcNLw/profile-displayphoto-shrink_800_800/0?e=1588204800&v=beta&t=sL7Iaddja879be-3JQ8T7GGis3-zaxRuHBdHCIsmzis
52,62,Jim Morrison,https://media.licdn.cn/dms/image/C4E03AQGiNrhog9ylRA/profile-displayphoto-shrink_800_800/0?e=1588204800&v=beta&t=2RBy2yvCrwjgwNFYpN6_FfYFYkqNyV0o49EQeIdGkYQ
53,63,Fernando Vaz,https://media.licdn.cn/dms/image/C4D03AQErLBbsTpH_qg/profile-displayphoto-shrink_800_800/0?e=1588204800&v=beta&t=QENxsmpuDyszI6ACmzWXU1A6MhsAN_yVhLPCngFMd2c
54,64,Dan Keene,https://media.licdn.cn/dms/image/C4D03AQGrSEstcLOoNg/profile-displayphoto-shrink_800_800/0?e=1588204800&v=beta&t=bfloPCeVLrDD5A9I9S1cYO6x7TCWSHe6Q3rte54y3cY
55,65,Vladimiro Mazzotti,https://media.licdn.cn/dms/image/C4D03AQHWXRg2fiRkbQ/profile-displayphoto-shrink_800_800/0?e=1588204800&v=beta&t=fpeoA3c3MjerAaI9WMgAUUqcuJwfbBQDV0lN_8UNBMU
56,66,Kurt Hanselmann,https://media.licdn.cn/dms/image/C4E03AQFyagdF8wjkfg/profile-displayphoto-shrink_800_800/0?e=1588204800&v=beta&t=8GU3Hx4fDINrXMj1etB8w7Nj3xvx-s1ibFxbTFtAl9A
57,67,Paul Naha-Biswas,https://media.licdn.cn/dms/image/C4E03AQFZlKNWK9jgeQ/profile-displayphoto-shrink_800_800/0?e=1588204800&v=beta&t=lx1nHI4bPDMY_39_vodE-NHnx-_3d02pETCwSQtk3nc
58,68,Alex Hewitt,https://media.licdn.cn/dms/image/C5103AQHoY7VVo89ljw/profile-displayphoto-shrink_800_800/0?e=1588204800&v=beta&t=POw0vajBF60sj6ywh6qWDOVfGCkiK5d9ZV-5jGCVmZE
59,70,Dimitar Dimitrov,https://media.licdn.cn/dms/image/C5603AQHX00e3aYlb_A/profile-displayphoto-shrink_800_800/0?e=1588204800&v=beta&t=8Xxi4s0xV1FZ1YyLuXlYrTG-41r8Nt-iWsjKnAa4_N0
60,71,Matt Roberts,https://media.licdn.cn/dms/image/C4E03AQHyu888QF1c5A/profile-displayphoto-shrink_800_800/0?e=1588204800&v=beta&t=_JAAe-l5lHc3SV6senUbZ8cbHrWiP6Qkx1Gw3mMXcS0
61,72,VADIM TOADER,https://media.licdn.cn/dms/image/C5603AQFQmlSlIfXL9g/profile-displayphoto-shrink_800_800/0?e=1588204800&v=beta&t=piPNiSVN4MANXv65IGBILPelWlVM0em2VaeYaFurAY0
62,75,Gustavo Silva,https://media.licdn.cn/dms/image/C4D03AQH-1Vk5ewtJbg/profile-displayphoto-shrink_800_800/0?e=1588204800&v=beta&t=QW0XDzSCov2XPXjlILG_G_B-Qnl9t6CDBSOZgxUvyDs
63,76,Ian Arden,https://media.licdn.cn/dms/image/C4E03AQG0h0WQSdSbGw/profile-displayphoto-shrink_800_800/0?e=1588204800&v=beta&t=0eZktfKW7wpu3ZCSn0wfRKjEsLR9_cbR7OgMPh2lqsQ
64,77,Dora Sabino,https://media.licdn.cn/dms/image/C4D03AQFvVE7y5ZOPTg/profile-displayphoto-shrink_800_800/0?e=1588204800&v=beta&t=xmSHN8A_pmXhfBRPjnP7tPy_LoiXvRJaG7jrS2IECrw
65,78,Chris Herd,https://media.licdn.cn/dms/image/C4D03AQHU4w_wMz25zA/profile-displayphoto-shrink_800_800/0?e=1588204800&v=beta&t=HFf7u0ncrc-retuzBfZ8ewJPAxP7_Q2E8rK2yaMc8Gc
66,79,Alex Pielak,https://media.licdn.cn/dms/image/C4D03AQGFW6aIcRCIIQ/profile-displayphoto-shrink_800_800/0?e=1588204800&v=beta&t=7XKswE-LYbR6aASSNqkIZwuN7DZGLQCELddJrUjTYyk
67,80,Haroon Hassan,https://media.licdn.cn/dms/image/C4D03AQEL2mwANbslJw/profile-displayphoto-shrink_800_800/0?e=1588204800&v=beta&t=ouEzit3sh7HN0ymFTl2TIvpZily4N66dhbfVoySEtHg
68,81,YongKwan Choi,https://media.licdn.cn/dms/image/C5103AQFv_rcaRiVtqA/profile-displayphoto-shrink_800_800/0?e=1588204800&v=beta&t=xwtVpZu0NOx3Vpyiy4hjC0K7XxH1d29IOSNYmGJed-I
69,82,John Maltman,https://media.licdn.cn/dms/image/C5603AQFwi-pTWnV_SQ/profile-displayphoto-shrink_800_800/0?e=1588204800&v=beta&t=hQV_PKKey_X61fbeQnGHvWd7ellFAlQ799XpOy8RxC0
70,83,Constantinos Nicolaou,https://media.licdn.cn/dms/image/C5603AQEHWi3rNRtIKA/profile-displayphoto-shrink_800_800/0?e=1588204800&v=beta&t=Uwk3Dq7HK-3731cciPHxu_P7RNaMeqbqmQPuuutB8Rg
71,85,Dan Hinden,
72,86,Dominic Portman,https://media.licdn.cn/dms/image/C5603AQF_an3ikj82GQ/profile-displayphoto-shrink_800_800/0?e=1588204800&v=beta&t=XdSO5fnfWX9aJ3KoN_V3JSY7zq16iClvkP7fMWVgr9A
73,87,Katerina Pascoulis,https://media.licdn.cn/dms/image/C5603AQE6eviS90R8WQ/profile-displayphoto-shrink_800_800/0?e=1588204800&v=beta&t=VHVilpZal_TYtCE0MgDVHeoQc6EIdme2BV4hh-LsX7I
74,89,Pete  Danks,https://media.licdn.cn/dms/image/C4E03AQGtXiGf_3DG7w/profile-displayphoto-shrink_800_800/0?e=1588204800&v=beta&t=sX-YdohvRM0bZCN9t5EvddrDIShz_tyIVnQ7jPAWIOg
75,90,Aman Maheshwari,
76,91,Karl Maddix,https://media.licdn.cn/dms/image/C4E03AQF_08r-FAW6Qg/profile-displayphoto-shrink_800_800/0?e=1588204800&v=beta&t=dnz0fyrR1TDaw7P-k8_NXmLelU8fsAtARtBaIvT_51s
77,92,Daniel McMahon,https://media.licdn.cn/dms/image/C5603AQHGLcXtzN85Iw/profile-displayphoto-shrink_800_800/0?e=1588204800&v=beta&t=zp81O7CUt9QTRlCrUgJ-hrsT3oMEfLXq_Qur0imx3F4
78,93,Nigel Winship,
79,96,Ravinder Bhadhal,
80,97,Yassir Al-Refaie,
81,98,Andrew Mark Campbell-Boross,https://media.licdn.cn/dms/image/C4D03AQEkcSGQg5xRvA/profile-displayphoto-shrink_800_800/0?e=1588204800&v=beta&t=eSqDgkiWkWC9_Gq8geXDfq6sZyjFbGjHmjxdEME9ZL0
82,99,Waleed Zafar,https://media.licdn.cn/dms/image/C5603AQEf6sC8UUd1_w/profile-displayphoto-shrink_800_800/0?e=1588204800&v=beta&t=-b8UY8izpg851Jgb4ucyIE4a5ZOX5lS3TVEQa2xEL1Q
83,100,Peter Perry-Phizacklea,https://media.licdn.cn/dms/image/C5603AQEanMOURW2oaQ/profile-displayphoto-shrink_800_800/0?e=1588204800&v=beta&t=KCUWWDpXCo8N8upB2LgrYjzbEv9hX35GDqQhAQ9M-zQ
84,101,Zeena  Qureshi,https://media.licdn.cn/dms/image/C5603AQHCLOi7x9KMFg/profile-displayphoto-shrink_800_800/0?e=1588204800&v=beta&t=oauJKfsCwlFVFYGV_w5U3W59H5_fu_KdhOp8VAG8t8g
85,103,Joe Gallard,https://media.licdn.cn/dms/image/C4D03AQGmPGKDgtuBlA/profile-displayphoto-shrink_800_800/0?e=1588204800&v=beta&t=uGJSiHMqFjCUcQmaa5HS9ioZHFHIWitYtvE4Nywd5e4
86,105,Rich James,https://media.licdn.cn/dms/image/C5603AQGywwpk8T3MCQ/profile-displayphoto-shrink_800_800/0?e=1588204800&v=beta&t=3XfCVWcg05_KJl5DN4C_EnCDzPdtwkr-O9VAZMvOXdQ
87,106,Jack Richardson,
88,107,Alan Scharf,https://media.licdn.cn/dms/image/C4E03AQFAin9rmmEY1A/profile-displayphoto-shrink_800_800/0?e=1588204800&v=beta&t=9S83L8Q0kOmGvfj0_jtzFPjItHxlzajhAXFYooNTtDk
89,108,Carl Partridge,https://media.licdn.cn/dms/image/C4D03AQGkJiqAKalk3g/profile-displayphoto-shrink_800_800/0?e=1588204800&v=beta&t=zDPj7qrbReZOOFWggRz3bGScdI_yg7SAaEt0Wap3upQ
90,110,tim haynes,https://media.licdn.cn/dms/image/C5103AQEDXNozK0KGDQ/profile-displayphoto-shrink_800_800/0?e=1588204800&v=beta&t=rDRecok5zo8bwIV-ML_3AtwptZoF0t7cNt-s7Yko8Dw
91,112,Rene Perkins,https://media.licdn.cn/dms/image/C4D03AQG6ubudHW4_mg/profile-displayphoto-shrink_800_800/0?e=1588204800&v=beta&t=YFoDt73oIBQHtQqZGdW6y5cfuGu1c6AtEGnU31G9SCY
92,113,Aaron Cash,https://media.licdn.cn/dms/image/C4E03AQFW6G3jp1Z9DQ/profile-displayphoto-shrink_800_800/0?e=1588204800&v=beta&t=lo06HfdgJEXZGAF1UaUPoCGW6H6deoFJzOetlq6MIHs
93,114,Rayna Patel,https://media.licdn.cn/dms/image/C5603AQFYJ8GXEAVjRg/profile-displayphoto-shrink_800_800/0?e=1588204800&v=beta&t=fDod5m4pQIot9gKowktchV8d7enksXszeYFBLih3_Gw
94,115,Mohammad Shana'a,https://media.licdn.cn/dms/image/C4D03AQEcNxm0XpVylQ/profile-displayphoto-shrink_800_800/0?e=1588204800&v=beta&t=-n5wqLwzVRB6bhhC6LT1iOePy8ywwW7OaTD2yOdlV2c
95,116,Steve Tigar,https://media.licdn.cn/dms/image/C5603AQEBXDCSjMSKyQ/profile-displayphoto-shrink_800_800/0?e=1588204800&v=beta&t=ecx4Dnd2va13VF4oYMuEaLtQijh7mHkVdoBFrUejXLM
96,117,Grant Aarons,https://media.licdn.cn/dms/image/C4E03AQGfRmpHWp2_Ew/profile-displayphoto-shrink_800_800/0?e=1588204800&v=beta&t=_UpkAkjeAROiLvyzAAUwZqH0B0mu7ez_bSqZIGVEtck
97,118,Tomas Posker,https://media.licdn.cn/dms/image/C4D03AQERXqSEkKGORg/profile-displayphoto-shrink_800_800/0?e=1588204800&v=beta&t=2vppgDBROC970NNm0eHiHnkBqJ47nsPthzT_SIXpz5c
98,119,Haim Volinsky,https://media.licdn.cn/dms/image/C4E03AQGNAfILdWQRbQ/profile-displayphoto-shrink_800_800/0?e=1588204800&v=beta&t=5rZKNvQZ3pofWNrZP1YrMi7ZmlW3mV4sRAGI6R83Vkc
99,120,Harjyot Singh,https://media.licdn.cn/dms/image/C4D03AQHcokhRZclCAA/profile-displayphoto-shrink_800_800/0?e=1588204800&v=beta&t=hlVItmvVjWcdPI9TEv8SZlqtZKNwhnbnnNJ4Pe2wMA8
100,121,James Routledge,https://media.licdn.cn/dms/image/C5603AQFxyeReAxw9Ow/profile-displayphoto-shrink_800_800/0?e=1588204800&v=beta&t=OC2IMWrRCW2Xh-5SzNbT9eX_1qj7ryfjWMLZJLHOxvA
101,122,Kam Punia,https://media.licdn.cn/dms/image/C4D03AQHXltSdWeNLsw/profile-displayphoto-shrink_800_800/0?e=1588204800&v=beta&t=9SbU3BAMWJD5YqhdpIBI6GIcfYmQboQk8udXkO7yrdg
102,123,David Tuck,https://media.licdn.cn/dms/image/C4D03AQFUU2FPfTGsYg/profile-displayphoto-shrink_800_800/0?e=1588204800&v=beta&t=kVc2hrEsk7l-8Zat8Q4WtPkrsem1xNN_-EQq9NGF53M
103,124,John McKenna,https://media.licdn.cn/dms/image/C4D03AQEju2eAbE-O_w/profile-displayphoto-shrink_800_800/0?e=1588204800&v=beta&t=DZj4dSFL5Kt2gqOXQVMsN0HUPt70Bjg0yF9HQDQu6L4
104,126,Sergiu Diaconu,https://media.licdn.cn/dms/image/C5603AQFbIbRx_M2tzg/profile-displayphoto-shrink_800_800/0?e=1588204800&v=beta&t=9h1JuMITbt-JX2GrMNe-7gFhz_PhZuYMK_765fx00Wc
105,127,Steven Novick,https://media.licdn.cn/dms/image/C4E03AQGqHQ-ofS_M1g/profile-displayphoto-shrink_800_800/0?e=1588204800&v=beta&t=UPvoavAyMHL4SG_XvFWrgSI59GybYUdGbxlT1hAMenw
106,128,Som Sinha,https://media.licdn.cn/dms/image/C4D03AQER6xzja0tjTg/profile-displayphoto-shrink_800_800/0?e=1588204800&v=beta&t=reyr0ssIzmP8i5e2vaMdLIj1-hdwQWz15lhefJJGfqo
107,129,Matthew Hodgson,https://media.licdn.cn/dms/image/C5603AQGr4I0Rud9wow/profile-displayphoto-shrink_800_800/0?e=1588204800&v=beta&t=cGiox04NjJ9DGHGThXF84LjTp90ZfKmJZLirB2APWs8
108,130,Ben Drury,https://media.licdn.cn/dms/image/C4E03AQHB36gWqVk8IQ/profile-displayphoto-shrink_800_800/0?e=1588204800&v=beta&t=jAopgT0L3XBw6lkUfegdTpHyS1vfVzJXdiMdjFjE_e0
109,131,David Levine,
110,132,Adam Bird,https://media.licdn.cn/dms/image/C4D03AQHBnQNw0Mag-Q/profile-displayphoto-shrink_800_800/0?e=1588204800&v=beta&t=sR7QDsuHddMSciPaoRlgKCIhvYR7CKXK68DhoJgtjDM
111,134,Nita Sederholm,https://media.licdn.cn/dms/image/C4E03AQHahYxOEEnKBw/profile-displayphoto-shrink_800_800/0?e=1588204800&v=beta&t=8EbXCtM2GYwxFDsjUaBz36KSaDRUUQiAblHRkhek9fI
112,135,Steve Madincea,https://media.licdn.cn/dms/image/C5603AQFDU_qQY-gjFQ/profile-displayphoto-shrink_800_800/0?e=1588204800&v=beta&t=E1LR6txDQalvKSdwi9AjLvdTF1xRx0NwbSuFxWAALvM
113,136,Emma Blaylock,https://media.licdn.cn/dms/image/C5603AQGi7HVnpqDDlQ/profile-displayphoto-shrink_800_800/0?e=1588204800&v=beta&t=WKxbu-cFTvLDpX86tyJxxy9P1eU9Nro2SGGl5gCHwcE
114,137,Emrah Yuceer,https://media.licdn.cn/dms/image/C4E03AQGX_OSYy8YDOQ/profile-displayphoto-shrink_800_800/0?e=1588204800&v=beta&t=vIWlOjwSBdqdXtactLGwhK1N2yru-Zn8t-9DRQ6RbkQ
115,138,Vytis Uogintas,https://media.licdn.cn/dms/image/C4E03AQFzL6sxzt5bpA/profile-displayphoto-shrink_800_800/0?e=1588204800&v=beta&t=qys_a1PjrPrI9-KjKNa7fHeQsj75n5mO137Go0MS9y0
116,139,Darran Milne,https://media.licdn.cn/dms/image/C4D03AQF4Xs3P3DbDVQ/profile-displayphoto-shrink_800_800/0?e=1588204800&v=beta&t=XX7txqpyjcCxrN8AMWoH52pQoyQlsTdfSHfe5NKps_k
117,143,Mark Hughes,https://media.licdn.cn/dms/image/C4D03AQE784MVi8SNtg/profile-displayphoto-shrink_800_800/0?e=1588204800&v=beta&t=opICjzcD72sqHmyYEbC-EGmtYQv1MiQwLXyjgJBKHtQ
118,144,Gus Bartholomew,https://media.licdn.cn/dms/image/C4D03AQFWYlCIymCRzg/profile-displayphoto-shrink_800_800/0?e=1588204800&v=beta&t=CAjlOoyK6Ald56dahmowpYZOM2JuufG62STIFoVPQIs
119,145,J.D. Rainey,https://media.licdn.cn/dms/image/C5603AQE7J01UZJ0bMw/profile-displayphoto-shrink_800_800/0?e=1588204800&v=beta&t=ORwjW3ikhA_AaasyPbn5HuImPGBsWq0Uj2eQnd-EzzU
120,146,gregory cox,https://media.licdn.cn/dms/image/C5603AQFGAR2eddbvqQ/profile-displayphoto-shrink_800_800/0?e=1588204800&v=beta&t=jrg2NgHRuplN0tGjWWTK5_HBbYsGBVZSmoXYiOCQEbA
121,148,Aaron Koshy,https://media.licdn.cn/dms/image/C5103AQE2UzxtSztMYQ/profile-displayphoto-shrink_800_800/0?e=1588204800&v=beta&t=w8tfZCa9AJMbZOxAorih_qSdmaklGBq4i6HPHK1TF84
122,149,Sam Houghton,https://media.licdn.cn/dms/image/C4D03AQHm43955O-w1g/profile-displayphoto-shrink_800_800/0?e=1588204800&v=beta&t=YYKKmivlMP12feAzFuHgKM8wcVj3pblZmtnqrX_5kxQ
123,150,YUJING LU,
124,152,Temi Mogaji,https://media.licdn.cn/dms/image/C4E03AQGdalAc0yZrcg/profile-displayphoto-shrink_800_800/0?e=1588204800&v=beta&t=vxk8n_jaqWZtsuXr8pIVZrgJOpBbdviBpQ8eWIof520
125,153,Pavlo Maherovsky,https://media.licdn.cn/dms/image/C5603AQG5tyGaublKmA/profile-displayphoto-shrink_800_800/0?e=1588204800&v=beta&t=6gSTHrZ7jq2ZmVGgedn_EIm57Pn9j_-JD11qi1rqovw
126,155,Jude Ower,
127,156,Scott Erwin,https://media.licdn.cn/dms/image/C5603AQHmxwenVNcNLw/profile-displayphoto-shrink_800_800/0?e=1588204800&v=beta&t=sL7Iaddja879be-3JQ8T7GGis3-zaxRuHBdHCIsmzis
128,157,Nukri Basharuli,https://media.licdn.cn/dms/image/C4D03AQG6wHd2a-eBHA/profile-displayphoto-shrink_800_800/0?e=1588204800&v=beta&t=Av7xxf3xHQCJ9BNurlsJU4v5btpnFs7ZAaMm_oTlbik
129,158,Matthew Franklin,
130,159,Matthew de la Hey,https://media.licdn.cn/dms/image/C5603AQE4AkCZbNSSmw/profile-displayphoto-shrink_800_800/0?e=1588204800&v=beta&t=ikF2AMXPBzxfiMeHRqszh_YvuhCULVGfSqJzIrt-uv0
131,160,StJohn Hughes,
132,161,Vasu Sarin,https://media.licdn.cn/dms/image/C4E03AQEAeOLwZCAGcw/profile-displayphoto-shrink_800_800/0?e=1588204800&v=beta&t=RU6zk8RQSzXmHx9paT_XPdVL6GqSHI8BRxGRO0MlsrY
133,162,Mark Hobart,https://media.licdn.cn/dms/image/C5103AQHrZzfbfl2hrg/profile-displayphoto-shrink_800_800/0?e=1588204800&v=beta&t=M2IQy2ybVXhE9WK03dJdriJkBcnWQ-xlUBPUVsNFgFg
134,163,Douglas Lawson,https://media.licdn.cn/dms/image/C4D03AQF0MaDxQiTigQ/profile-displayphoto-shrink_800_800/0?e=1588204800&v=beta&t=dizsRx1tvCaJ-lKk63MeUF8TMV7pzfqS4PG967Jsrbk
135,164,Anantharaman Pattabiraman,https://media.licdn.cn/dms/image/C4E03AQEbeoKyjbmhDQ/profile-displayphoto-shrink_800_800/0?e=1588204800&v=beta&t=hCBmQ95xJvcKkM6gpMRlRTsXfvtLbpULcLczVlUhsGA
136,165,Christopher Muelhausen,https://media.licdn.cn/dms/image/C5603AQEXV9-ZtUiK0Q/profile-displayphoto-shrink_800_800/0?e=1588204800&v=beta&t=wbP6jd0ZI7uvd2MzW9Wn1HzFTKmMj2W8IqWsd4c6qdU
137,166,Joyeeta Das,https://media.licdn.cn/dms/image/C4D03AQGD_lV8ayleXw/profile-displayphoto-shrink_800_800/0?e=1588204800&v=beta&t=wQGTbF6dXjA633NSzJrlB8cyEYjYFJ02b3EwN4tQa2o
138,167,Roman Plyushchenkov,https://media.licdn.cn/dms/image/C4D03AQG_NkeFx_sVXw/profile-displayphoto-shrink_800_800/0?e=1588204800&v=beta&t=a-0Y2GkFGGD1MHBh9WcgtPrkaeMTqyGl3fjxJNi5Eps
139,168,Tommy Williams,https://media.licdn.cn/dms/image/C4E03AQFDri87Gh8-tw/profile-displayphoto-shrink_800_800/0?e=1588204800&v=beta&t=g-q0vmUsTonOtZLwcPSpDVVa5prhvVoqdpWuWqfQzQk
140,169,Jeffrey Bartlett,https://media.licdn.cn/dms/image/C5103AQFC34PTrviMJA/profile-displayphoto-shrink_800_800/0?e=1588204800&v=beta&t=MfWDww1ZsGShMXIecQTyVsRhLQq_TSn_BZR5PDnap0E
141,170,Mikesh Udani,https://media.licdn.cn/dms/image/C5603AQH3iwfXKGhSIw/profile-displayphoto-shrink_800_800/0?e=1588204800&v=beta&t=snvBnwoIlulSkgC34fXygoYtriq6dsjH8jBnKILZ-5I
142,171,Ashish Kalraiya,https://media.licdn.cn/dms/image/C4D03AQGhFiFYLf4ymQ/profile-displayphoto-shrink_800_800/0?e=1588204800&v=beta&t=kTOIyzEDTjQIO6LPkiZOKZQSZuZ8z9mvmA6oMqgSpP0
143,172,George Prassinos,https://media.licdn.cn/dms/image/C4D03AQG5G4ORzVYPOw/profile-displayphoto-shrink_800_800/0?e=1588204800&v=beta&t=n6sd53o6ALs1mdVcbrvCtSdsR40XxmGNZ6kA007ayF0
144,174,James Thorogood,https://media.licdn.cn/dms/image/C5603AQH0j5qZ6g1FUw/profile-displayphoto-shrink_800_800/0?e=1588204800&v=beta&t=5d7V9VjzC37aTM1M__TvSNCcy1hKjnv7qpnd_SEvHpM
145,176,Oliver Cushing,https://media.licdn.cn/dms/image/C4E03AQGNETVbAb9RDg/profile-displayphoto-shrink_800_800/0?e=1588204800&v=beta&t=IxjCOZ4SUd38i51wtBwH_lPQ-hpQe25Tstb_FbFxkDQ
146,178,Robert Dobson,https://media.licdn.cn/dms/image/C4D03AQHK_GErMFRVmw/profile-displayphoto-shrink_800_800/0?e=1588204800&v=beta&t=2iV9l03q7tT5Tx_IN3ZNPZy2FnSOK_-z0kqzCpvTLQ0
147,179,Zarja Cibej,https://media.licdn.cn/dms/image/C5603AQFAKtw17zMVfQ/profile-displayphoto-shrink_800_800/0?e=1588204800&v=beta&t=qlZbuEJmCLcUChWGwytjqoFQ1rvrMJwc3Xm21GJzR3A
148,180,Owain Hughes,
149,181,Daniel Hogan,https://media.licdn.cn/dms/image/C4D03AQEtxiAbVVHf_g/profile-displayphoto-shrink_800_800/0?e=1588204800&v=beta&t=omRZ6w_C09KxRqcoaAewwuUhxAHzhlHOYSLF7ivGf3A
150,182,Allister Mannion,https://media.licdn.cn/dms/image/C4D03AQGdW8Y6IgsZsA/profile-displayphoto-shrink_800_800/0?e=1588204800&v=beta&t=13pDoo4ckKJjbKamAj4uo0osR3I1AdF6UK06U2XkFTo
151,183,Tom McGillycuddy,
152,184,Emma Hardcastle,https://media.licdn.cn/dms/image/C4D03AQHbQB69C1u0jw/profile-displayphoto-shrink_800_800/0?e=1588204800&v=beta&t=vP1TfnDidmn94wsEWgjSmbURtE_ohUXAONBDx6ktUMU
153,185,John Maxwell Hobbs,https://media.licdn.cn/dms/image/C4E03AQG04U8gI7lW8A/profile-displayphoto-shrink_800_800/0?e=1588204800&v=beta&t=y3IA-Nf8QhSBIW2fp71dYXrG17SYHJTFjNpeDIODFAc
154,186,Joe Metcalfe,https://media.licdn.cn/dms/image/C5603AQF1VV4s4mKwfg/profile-displayphoto-shrink_800_800/0?e=1588204800&v=beta&t=3WSp_55rr4vV97WdwpDUEnpafUoUFZDuHsMP6mK414E
155,187,Mark Seemann,https://media.licdn.cn/dms/image/C4E03AQExPWqXiMIg4g/profile-displayphoto-shrink_800_800/0?e=1588204800&v=beta&t=jUjLU0VXH8MIE9amlHbZ_TDDJ8WZfHHR-jMfkBOZnAY
156,188,Ryan Procter,https://media.licdn.cn/dms/image/C4D03AQEzF87iYKVPow/profile-displayphoto-shrink_800_800/0?e=1588204800&v=beta&t=smr67vBLuPRr9aMBBM0C0n05-cyqqbL2feAlt-aHgEo
157,189,Jonathan Hill,https://media.licdn.cn/dms/image/C5603AQGNrPjsvTNQFg/profile-displayphoto-shrink_800_800/0?e=1588204800&v=beta&t=To_W5F_p47NWsBlQ31685yG83sCzm9aVqZvrJPKKu8k
158,190,gabriel ibghy,https://media.licdn.cn/dms/image/C4D03AQHXEAvvi9xVMw/profile-displayphoto-shrink_800_800/0?e=1588204800&v=beta&t=Mdqwlbs0ceoz9ogHnw9zstxBHFcQMdu9IvbEd6m0FTc
159,191,Max Carruthers,https://media.licdn.cn/dms/image/C4E03AQFqrMxDy7QE5w/profile-displayphoto-shrink_800_800/0?e=1588204800&v=beta&t=fCSbc3IfU3PnevYBbLEy2b3oSB_woJ9rrhNhiHlSnk4
160,192,Tom Charman,https://media.licdn.cn/dms/image/C4D03AQEihWwNKGbJZw/profile-displayphoto-shrink_800_800/0?e=1588204800&v=beta&t=ilBRuaLKkCDTylayY8F0_lUO8x7sCzfbD5nN1TOzxx0
161,193,Joshua Scigala,https://media.licdn.cn/dms/image/C5603AQFTVQ5myys0NQ/profile-displayphoto-shrink_800_800/0?e=1588204800&v=beta&t=rbTxMI6DXFa8C55tO6SHWMLScjPZt7aQoYBdmefqx88
162,194,Joe Sluys,
163,195,Vasileios Touronis,https://media.licdn.cn/dms/image/C5603AQF6I_hs2fRtzQ/profile-displayphoto-shrink_800_800/0?e=1588204800&v=beta&t=LFyvwYBGCdadlTUjfCKjtu7huWHr-SajEinLaTFZmac
164,196,CJ Green,
165,197,Vlad  Shlosberg,https://media.licdn.cn/dms/image/C5603AQHy-uXpIp1N3Q/profile-displayphoto-shrink_800_800/0?e=1588204800&v=beta&t=PnsNPYQTfhVTnSVkE44ZgnuSDoTPxSLztVGM_r_XJkg
166,198,Michael Rossman,
167,199,Rui Barreira,https://media.licdn.cn/dms/image/C5103AQHgv9S_5WKgTw/profile-displayphoto-shrink_800_800/0?e=1588204800&v=beta&t=CqUj4gLmQJIIL5XQ6p0qmaS8xdirDMC5Qh-C4ZI46mI
168,200,James Duffy,https://media.licdn.cn/dms/image/C5603AQETRU-No5hMbg/profile-displayphoto-shrink_800_800/0?e=1588204800&v=beta&t=yrg0kY4C9IVg8w5b_l66aPPGR8OGoOjCdanO-HVEWk4
169,201,Lina Chan,
170,202,Luma Eldin,https://media.licdn.cn/dms/image/C5103AQEBKiciAp3h8w/profile-displayphoto-shrink_800_800/0?e=1588204800&v=beta&t=t4jjVgCQrkiSqGTzzvr_A7izfa0IIO6LlS_WFs74hg4
171,203,Dominic Ivison,https://media.licdn.cn/dms/image/C5603AQGcrDe1vOs9kg/profile-displayphoto-shrink_800_800/0?e=1588204800&v=beta&t=OUp4QcGFTBmn8NC4G5KmW81RVAAcQZkDunsK54tCwXU
172,204,Alastair Badman,https://media.licdn.cn/dms/image/C4E03AQFTSqzOrYtLNg/profile-displayphoto-shrink_800_800/0?e=1588204800&v=beta&t=3Ih6in0SWaE2NXcHrudjKFgh5UTWlqE7yQ0P_CuSnLU
173,205,Dan Bedi,https://media.licdn.cn/dms/image/C5603AQG_usAgMlqsVQ/profile-displayphoto-shrink_800_800/0?e=1588204800&v=beta&t=TanSnpwOV6jW0M3C_Xqe9onbggWx63yTtqa-sJU-Uas
174,206,Linas  T. Pozerskis,https://media.licdn.cn/dms/image/C4D03AQE64zXsAjnDiQ/profile-displayphoto-shrink_800_800/0?e=1588204800&v=beta&t=oz9m2l4iNFhhg3mqv-AaNgVFHML2e9WJuz7fpedFwl0
175,207,Andy Hibbert,https://media.licdn.cn/dms/image/C5603AQGcKCv4wM6x1w/profile-displayphoto-shrink_800_800/0?e=1588204800&v=beta&t=zQ97uXz-IS5MAaObmsVzLSfFKy7x0wEbt5BvmIAsdqQ
176,208,Harish Anand Thilakan,https://media.licdn.cn/dms/image/C5103AQHwFAH3mA5BJQ/profile-displayphoto-shrink_800_800/0?e=1588204800&v=beta&t=OvFN4_s4jjmstoL3-1zol3Azp0EUe4zze0ynlTDn6n8
177,209,Mark Jennings,https://media.licdn.cn/dms/image/C4E03AQGKfvn1uiAOKg/profile-displayphoto-shrink_800_800/0?e=1588204800&v=beta&t=3XNZ_LxNDO46oy34MCnlWBl-a2vzalePd5B0JwWeF8E
178,212,Andrey Vinitsky,https://media.licdn.cn/dms/image/C4E03AQFw9EqemOANxQ/profile-displayphoto-shrink_800_800/0?e=1588204800&v=beta&t=t4FbtpFJCnh97xc6Bxj8zAPQdHlx4NACa6RzJexAcTs
179,213,Matthew Sockalingum,https://media.licdn.cn/dms/image/C5603AQGAAg4a5jCPIw/profile-displayphoto-shrink_800_800/0?e=1588204800&v=beta&t=a6fFHfHHrF2Pn-01e2pkeJHRpTNEn2UBB761o7_jdaA
180,214,Alex Somervell,https://media.licdn.cn/dms/image/C4D03AQHvdet-hdoYAQ/profile-displayphoto-shrink_800_800/0?e=1588204800&v=beta&t=hgmwQ_HNxBgpAI0yPV9sAYGyo_KzDX6jAw_TRB1FRsA
181,215,Dave Carruthers,
182,216,Rob Hall,
183,217,Georgia Stewart,https://media.licdn.cn/dms/image/C4D03AQGaQAvIF2ptzQ/profile-displayphoto-shrink_800_800/0?e=1588204800&v=beta&t=A75bth540w3kwhY7Tst-5SnVZHWCUG4IiUekFsDp_xs
184,219,Alexander Anter,https://media.licdn.cn/dms/image/C5603AQHvdo01ZL60dQ/profile-displayphoto-shrink_800_800/0?e=1588204800&v=beta&t=8NmV-NU8UlaCPaZqKjTTZ33yh1mh9rzYi21GtNSz9Ew
185,220,James Harrabin,https://media.licdn.cn/dms/image/C4D03AQHLJumN8JIcPA/profile-displayphoto-shrink_800_800/0?e=1588204800&v=beta&t=t7rTDHkBQg3lBcN3OgeW1ruB4byk48rCO7-EnVut8N4
186,221,Mads Wedderkopp,https://media.licdn.cn/dms/image/C4D03AQG9PosMIhADSA/profile-displayphoto-shrink_800_800/0?e=1588204800&v=beta&t=1aQRGgprtsN6g5zzdWc1fRre-xw6R-JxvvylO-Ef8h0
187,222,Bill Shepherd,https://media.licdn.cn/dms/image/C4D03AQGp-zz_5VT7fQ/profile-displayphoto-shrink_800_800/0?e=1588204800&v=beta&t=9LqExR9vFQzdp7I8gp7mt5urmYXOs-0KhmrOK9XewH4
188,223,Ibrahim Farook,https://media.licdn.cn/dms/image/C5603AQHrwfwmJ-YhLQ/profile-displayphoto-shrink_800_800/0?e=1588204800&v=beta&t=dH3-bciSgpibIxVpfg4-aJwdlPjMIPi71NC11h-VONA
189,224,Tomas Sabat Stofsel,https://media.licdn.cn/dms/image/C5603AQEwCQW2vB5dWg/profile-displayphoto-shrink_800_800/0?e=1588204800&v=beta&t=0QkcuLjRvGJolhcsfWgDedDnBUqyvL4QtR4QqixNLRM
190,225,Chris Dawson,https://media.licdn.cn/dms/image/C4D03AQFvlhYKrtHd0A/profile-displayphoto-shrink_800_800/0?e=1588204800&v=beta&t=8tAyn5ar1IZpYDbynQi0oucZ9sSIRVLxJ6oAGcoXBUA
191,226,Anestis Gaitanidis,https://media.licdn.cn/dms/image/C5603AQHqea2cWIAVEQ/profile-displayphoto-shrink_800_800/0?e=1588204800&v=beta&t=70kyp5FL5NglXuLkR9obEuwbcqJUu3bBHdFbJu7wcLg
192,227,Ami  Davies,https://media.licdn.cn/dms/image/C4D03AQF27KoYOZ1sDw/profile-displayphoto-shrink_800_800/0?e=1588204800&v=beta&t=DLPDPoMEbuue6-JNE3r_Q2I-yDWG_72VK4vbJ9jv3yE
193,228,Ian Gibbons,
194,229,Mark Johnston,https://media.licdn.cn/dms/image/C4D03AQFKntMQAW-PAA/profile-displayphoto-shrink_800_800/0?e=1588204800&v=beta&t=--JDB_-kGXMud0W7F7AqO9ZT-Y4udf5hgb8OzOE3HRI
195,230,Gareth Christian-Lim,https://media.licdn.cn/dms/image/C5603AQEpmnYW55zVqw/profile-displayphoto-shrink_800_800/0?e=1588204800&v=beta&t=FH1hWhz-f_UCDUGKFHZ7Ax343OSUa4Qqay-HdjiIUDA
196,232,KATZ KIELY,https://media.licdn.cn/dms/image/C4E03AQFWcyFL7y6Ipg/profile-displayphoto-shrink_800_800/0?e=1588204800&v=beta&t=QNeEn_sz_cGl9E6PKCA_sTgo-E1jndWlNWMOpxMoQkw
197,233,Oliver Cushing,https://media.licdn.cn/dms/image/C4E03AQGNETVbAb9RDg/profile-displayphoto-shrink_800_800/0?e=1588204800&v=beta&t=IxjCOZ4SUd38i51wtBwH_lPQ-hpQe25Tstb_FbFxkDQ
198,234,Freddie Talberg,https://media.licdn.cn/dms/image/C4D03AQEq54VgGoOqQA/profile-displayphoto-shrink_800_800/0?e=1588204800&v=beta&t=bZcqAJNEjjA1eWfoV_s6cOBmUay-XQrqVz2WOPn_d_k
199,235,Miguel Angel Pérez,https://media.licdn.cn/dms/image/C4D03AQF2tbTwAW6oWA/profile-displayphoto-shrink_800_800/0?e=1588204800&v=beta&t=mIpVhoub2CeXUvJ-ZvzSFcLBiMwz_eiLVJtgdBlWB-Q
200,236,Gary McKay,https://media.licdn.cn/dms/image/C4D03AQFhD8oL7RXwuQ/profile-displayphoto-shrink_800_800/0?e=1588204800&v=beta&t=pLKFy5QrzEMMPh3YKZ3h2QkClkaiU4i6eT9w5BGmiLc
201,237,Adrienne Percival,https://media.licdn.cn/dms/image/C5103AQHSySpsL5jO-w/profile-displayphoto-shrink_800_800/0?e=1588204800&v=beta&t=nXDKh28_TPNFu43xIIiD0w6gD2D7pT9KnkiC9eoCxRs
202,238,Steve Berry,https://media.licdn.cn/dms/image/C4D03AQEEeuquEbUQMA/profile-displayphoto-shrink_800_800/0?e=1588204800&v=beta&t=FksikCU1thRvMqzOrl4_2w_VLddJI23_0iiKqY7WDwo
203,239,Krasina Mileva,https://media.licdn.cn/dms/image/C5603AQFCdtqwgnVE6A/profile-displayphoto-shrink_800_800/0?e=1588204800&v=beta&t=xkVusL0p_Tc19TSNnYaOw30jRwgarx8DF2deuPU8I4g
204,240,Vladimir Lupenko,https://media.licdn.cn/dms/image/C4E03AQHD9uzWN_ht2g/profile-displayphoto-shrink_800_800/0?e=1588204800&v=beta&t=gUMj-UM4Cdb5h2T-UEHbpBXdSg8pmzOs7XejHfWr5Gc
205,241,Roland Appel,https://media.licdn.cn/dms/image/C4D03AQHAddtn8RJw0g/profile-displayphoto-shrink_800_800/0?e=1588204800&v=beta&t=-Uq7PA1rTVZnww0qtuOH6A0mKfONS_ZdqferbaLwgmQ
206,242,Kaidi Ruusalepp,https://media.licdn.cn/dms/image/C5103AQHKiumgF77k8g/profile-displayphoto-shrink_800_800/0?e=1588204800&v=beta&t=lZoaPul316XARMibPG3K786kLxwm7KQLjMSr9iIbXS4
207,243,Volkan Abak,https://media.licdn.cn/dms/image/C5603AQEpSU-dAzkgtw/profile-displayphoto-shrink_800_800/0?e=1588204800&v=beta&t=ouPSOjg3jEo12VYPoXjimZ04lHnFoSIQRSoK-MCuGo8
208,244,Vinit Patel,https://media.licdn.cn/dms/image/C4E03AQGnCEtLaDE8QA/profile-displayphoto-shrink_800_800/0?e=1588204800&v=beta&t=n48--Woo8GJQqbiXx-A50ciGKUtChKmtN1IC_vQO_KY
209,245,Mark Lesney,https://media.licdn.cn/dms/image/C4E03AQHrkWq65WEo5A/profile-displayphoto-shrink_800_800/0?e=1588204800&v=beta&t=ZkGStZkOXaQuQD-RPha1H4uTonUq_RHTdckmbsoflI4
210,246,Eric Tomaszewski,https://media.licdn.cn/dms/image/C4D03AQHngi4k4-goXQ/profile-displayphoto-shrink_800_800/0?e=1588204800&v=beta&t=2IIqlBW-59x6F_LbWUoWXNIrrTPG-HC2r2JF8NGQdcY
211,247,Danny Hodgson,https://media.licdn.cn/dms/image/C4E03AQGZ5WNcbZeuyQ/profile-displayphoto-shrink_800_800/0?e=1588204800&v=beta&t=RshtG5TwnJf737fZO7FjTmZGXlIkdsoOA4bv-6eCNco
212,249,Daniel McGlade,https://media.licdn.cn/dms/image/C4D03AQFBbMKDIroevw/profile-displayphoto-shrink_800_800/0?e=1588204800&v=beta&t=RS8yYwlY34cww3-AMVQ7mOpwa8o3wcOJKMiddF6zhAI
213,250,Gleb Skibitsky,https://media.licdn.cn/dms/image/C4D03AQG9wcQqmj4I3A/profile-displayphoto-shrink_800_800/0?e=1588204800&v=beta&t=ZJJWSJO-p_LF0YAreGWRj93unOft298mdrngv6shub0
214,251,Philip Verzun,https://media.licdn.cn/dms/image/C4D03AQGNPCUkN9VkQA/profile-displayphoto-shrink_800_800/0?e=1588204800&v=beta&t=7Pvxjz46GkTDzIIE91fPGdu46nSriUt96WGGzr1yhwo
215,252,Paul Smillie,https://media.licdn.cn/dms/image/C4E03AQF79Qrbd-Cxnw/profile-displayphoto-shrink_800_800/0?e=1588204800&v=beta&t=vzuCNdcfkmaumamwNffThVMR5XqUAzdCxPUqrtcCFZM
216,253,Paul Chapman,https://media.licdn.cn/dms/image/C5603AQGpTJRLrOBgmg/profile-displayphoto-shrink_800_800/0?e=1588204800&v=beta&t=zKtT9owIXLU7r9N8NYvcqwiySQsMQ1lRFFAnzy0saXo
217,254,Jeff Lesser,https://media.licdn.cn/dms/image/C4D03AQGO2P1FOf013g/profile-displayphoto-shrink_800_800/0?e=1588204800&v=beta&t=oRzy_MR9UMXrG1OEqRndx3yejgmiKjVFcM1Ug-Mu3sY
218,255,Nemo D'Qrill,
219,256,Dean Hetherington,https://media.licdn.cn/dms/image/C5103AQEYcY6rFgPwew/profile-displayphoto-shrink_800_800/0?e=1588204800&v=beta&t=WMlSQlVKu5-Zw22qy1dMpH654Ck9_nU17fPkB8lV81g
220,257,Ellis Hudson,https://media.licdn.cn/dms/image/C5603AQFd0WrYYrrWXw/profile-displayphoto-shrink_800_800/0?e=1588204800&v=beta&t=FRHj-W7VqSTJYzbVGZjeXrVoiP6vFcatuG8OyVrMoUg
221,258,Luca Schnettler,
222,259,Steven Hunter,https://media.licdn.cn/dms/image/C5603AQEgSWTwEZZLCA/profile-displayphoto-shrink_800_800/0?e=1588204800&v=beta&t=rXe9Yn7B6a_M6PGYtW53hW4m0UkNYcfCyOgCF2LY4Xc
223,260,Josh Graham,https://media.licdn.cn/dms/image/C4D03AQFq2xaxCEPB_g/profile-displayphoto-shrink_800_800/0?e=1588204800&v=beta&t=VosbumfMzHXiGz9d2sBkE7WIcuitjirPmk7LjbBlel0
224,261,Evgeniy  Filichkin,https://media.licdn.cn/dms/image/C4E03AQEEQ_WuAEx3zQ/profile-displayphoto-shrink_800_800/0?e=1588204800&v=beta&t=dKtb8nZ_dMK7PlzQ8MTFQv8fdEQpBlGXA-74wTTCYEs
225,262,Robert Loveday,
226,263,Ben Goodenough,https://media.licdn.cn/dms/image/C5603AQEpElijlPgpBw/profile-displayphoto-shrink_800_800/0?e=1588204800&v=beta&t=A8Lggi4_FySCmfRBnpCoH66OdBY8-nWZBNpeOR2yKzA
227,264,Aasam Alim,https://media.licdn.cn/dms/image/C4E03AQG8aQxydabaKQ/profile-displayphoto-shrink_800_800/0?e=1588204800&v=beta&t=w7Yw22hnN8LmmdHA9e7Vd-fKmo_ydUqbuOZPRjKGCY4
228,265,David George,https://media.licdn.cn/dms/image/C5603AQGI3RDvpcView/profile-displayphoto-shrink_800_800/0?e=1588204800&v=beta&t=hokiNj7rAZoc4MvepAWYBfNvUflHd8XtoGQFBGQpiKM
229,266,Peter Parkes,https://media.licdn.cn/dms/image/C5103AQGVKLdVDVf0zA/profile-displayphoto-shrink_800_800/0?e=1588204800&v=beta&t=fWoM7KepEnXupfY4Nw975s4JDw9Px5uUYqHVQi2hBw8
230,267,Harish D. Gupta,
231,268,Toyah Mur'Tala,https://media.licdn.cn/dms/image/C5603AQHEBz7GpH4v5w/profile-displayphoto-shrink_800_800/0?e=1588204800&v=beta&t=o_fb4XJ2L92xxVOX4iTwrEyRUldxViOhr3sPIodEeko
232,269,Jhonviere St.Paul,
233,270,Chongsu Lee,https://media.licdn.cn/dms/image/C5603AQFSFDGCrHndbw/profile-displayphoto-shrink_800_800/0?e=1588204800&v=beta&t=jvNNbuIhZpxmRHGRCG4l3l5zACZnV71f3mm9HDe97FE
234,272,Viktor Juhanson,https://media.licdn.cn/dms/image/C4E03AQH4ASGR0oM9WA/profile-displayphoto-shrink_800_800/0?e=1588204800&v=beta&t=cZTcmJ4ZrTb1wMH4tKdIsryu37Sd7ozxk42aa3p3HI0
235,273,Rob  Liddiard,
236,274,Mohammed Abu Moeilak,https://media.licdn.cn/dms/image/C4D03AQGRTPqrs9hiKg/profile-displayphoto-shrink_800_800/0?e=1588204800&v=beta&t=_EPdn0t-fwXNmSDstF_nntED2kJfb1QPLOMtzTXtB1c
237,275,Henry Pinchbeck,https://media.licdn.cn/dms/image/C5603AQFulsNvwZn4Sg/profile-displayphoto-shrink_800_800/0?e=1588204800&v=beta&t=1DDEewSwq9-qnAJMerGotjbipp8koh8hLu6vSfwqcFY
238,276,Stacie Graham,
239,277,Maximillian Engelen,https://media.licdn.cn/dms/image/C4D03AQGqErEFSMluOQ/profile-displayphoto-shrink_800_800/0?e=1588204800&v=beta&t=3qozG4WLXwA-UkASV6XixL8ehM_GBHb2TlSJUWPPsrg
240,278,Caroline Tulloch,https://media.licdn.cn/dms/image/C4D03AQGRKNRjH0qepA/profile-displayphoto-shrink_800_800/0?e=1588204800&v=beta&t=T7b33v-Y6s9c80NrHMQve7gsFDOh8H2_j1bz3YOGqZk
241,279,Maya Pindeus,https://media.licdn.cn/dms/image/C4D03AQF13GHOAcDddQ/profile-displayphoto-shrink_800_800/0?e=1588204800&v=beta&t=GkbVog8OHFCg16ZT8NczuaST8lC3MkFYnI9S7ucPssg
242,281,Jack Williams,https://media.licdn.cn/dms/image/C4D03AQEVhZCuENBlHQ/profile-displayphoto-shrink_800_800/0?e=1588204800&v=beta&t=OWdZ_HCTS91v3t-FfVuzM7mujP8RyIx11H12lJxx6nI
243,282,Cameron  Hay,https://media.licdn.cn/dms/image/C5603AQH6YNVfkwh-jA/profile-displayphoto-shrink_800_800/0?e=1588204800&v=beta&t=DwNWl-Vy8HfmtYbIJMIAf7cmnW6Y4PDO3seXwfPLdcI
244,283,Yashar  Faranjani,https://media.licdn.cn/dms/image/C5603AQFnIXH_uK7uqA/profile-displayphoto-shrink_800_800/0?e=1588204800&v=beta&t=6MpIfYZGNup7XfRI0O06bTfbeAnVwnaJB7pGVUltefA
245,284,James Kent,https://media.licdn.cn/dms/image/C4D03AQH2pDS5mpjWsQ/profile-displayphoto-shrink_800_800/0?e=1588204800&v=beta&t=yEwV3HTTUV9XW-s-M4cGn5f6lQ278wTl_yUfGw0Urgc
246,287,Cristina Vila,https://media.licdn.cn/dms/image/C4E03AQEThAHttQvjZQ/profile-displayphoto-shrink_800_800/0?e=1588204800&v=beta&t=X6PdF-Ow7kcmHDI3sFKk8GS6VlCGDNndave0C9zrvlE
247,288,Guillaume Granelli,https://media.licdn.cn/dms/image/C4E03AQEKYMg25OTREg/profile-displayphoto-shrink_800_800/0?e=1588204800&v=beta&t=_uGbp1_0oCSpP9UvByQcAvIziIqkf10EV3-IYreEXdU
248,289,Andre Florido da Costa,https://media.licdn.cn/dms/image/C4D03AQGA0Jweqdu3uQ/profile-displayphoto-shrink_800_800/0?e=1588204800&v=beta&t=Aj1j4Y4DkvP5D-wnSk9Byun3aoUg40V_j2cziAyzzyg
249,292,Abhishek Singhal,https://media.licdn.cn/dms/image/C5103AQHyxL5bWPi-9Q/profile-displayphoto-shrink_800_800/0?e=1588204800&v=beta&t=M6BSheSffZdF8PmTFz97RgNGIuWmha5EhROmPpRh_Vo
250,295,Steve Avery,https://media.licdn.cn/dms/image/C4E03AQHFgd9FOi8fFA/profile-displayphoto-shrink_800_800/0?e=1588204800&v=beta&t=G64YORgZsVbrYL0tQ90xYzP_818edylfEPQbSsSMwFo
251,297,Or Retzkin,https://media.licdn.cn/dms/image/C5103AQHj467dSkeJXA/profile-displayphoto-shrink_800_800/0?e=1588204800&v=beta&t=cRW-Gz-wIy8DjKjFOHR0R9qhEhPMW0SJGpc6QuB2j24
252,298,Adriana Taseva,https://media.licdn.cn/dms/image/C4D03AQF_RwTa7UG-_Q/profile-displayphoto-shrink_800_800/0?e=1588204800&v=beta&t=iaskgz-_18yUk5LSn0-be4L6hypKqMoLvmgPCV-cZ1w
253,299,Seena Rejal,https://media.licdn.cn/dms/image/C4E03AQH7OOlGJYuLfQ/profile-displayphoto-shrink_800_800/0?e=1588204800&v=beta&t=k0nGDID1c1nkNzC5ycZ3t0lXmTL005iGFKm_6EgczEI
254,300,Martin Magnone,
255,301,Mark Johnston,https://media.licdn.cn/dms/image/C4D03AQFKntMQAW-PAA/profile-displayphoto-shrink_800_800/0?e=1588204800&v=beta&t=--JDB_-kGXMud0W7F7AqO9ZT-Y4udf5hgb8OzOE3HRI
256,302,Andre Quintanilha,https://media.licdn.cn/dms/image/C4D03AQHXCK5R5g0gMw/profile-displayphoto-shrink_800_800/0?e=1588204800&v=beta&t=TP1yreyLgIGQPCN_XBCcWN5FW-UkjMtH1Fbi1Of9kRI
257,303,Håvard Nilsson,https://media.licdn.cn/dms/image/C5603AQGD5EUFD6nZzg/profile-displayphoto-shrink_800_800/0?e=1588204800&v=beta&t=3maXc1f1i88bECk6U-Jrajr2uW-paaRWgGbFlS62Q5c
258,304,Milenko Pilic,https://media.licdn.cn/dms/image/C4E03AQGj0CLcNaQoWQ/profile-displayphoto-shrink_800_800/0?e=1588204800&v=beta&t=NWnl-ZDK8U7LJsRiiKvwWlE0euaCbTW9ppVK8Q8Kj78
259,305,mohamed elmasry,https://media.licdn.cn/dms/image/C4E03AQEQSbVpY6qwrA/profile-displayphoto-shrink_800_800/0?e=1588204800&v=beta&t=yk29CarcfSM7eNKouZlVpsUsX23Mhs_GJNxm9ZEcWBI
260,306,Mitesh Parmar,https://media.licdn.cn/dms/image/C5603AQEVufGbXOOWvA/profile-displayphoto-shrink_800_800/0?e=1588204800&v=beta&t=AC_p5NiWTEu94Lz_h1_tTcljo399mWgmK0aagFzd_qI
261,307,Mark Ripley,https://media.licdn.cn/dms/image/C4E03AQGx_b6UVVxmXw/profile-displayphoto-shrink_800_800/0?e=1588204800&v=beta&t=J69AhNjI2YZz8rCfnDXXD4GrVnb-NE6lcDPJNDnfbCI
262,308,Paul Sheedy,https://media.licdn.cn/dms/image/C4E03AQHX2PakJ3zdEg/profile-displayphoto-shrink_800_800/0?e=1588204800&v=beta&t=Q4AesRsD6A7HjmivmNDfRlsESnCQJxtkYVhX07RENvg
263,309,Matthew Myers,https://media.licdn.cn/dms/image/C5603AQFe8XNn9_gRRg/profile-displayphoto-shrink_800_800/0?e=1588204800&v=beta&t=0muxtHgsJbdKfMaQTESGzhahf2oHO6zQGlI3eusofyY
264,310,Lotanna Ezeike,
265,311,Ilias Kotzampasis,
266,312,Peter Goldstein,https://media.licdn.cn/dms/image/C4D03AQF8YwZPV1QpEA/profile-displayphoto-shrink_800_800/0?e=1588204800&v=beta&t=zW8ej_dCxqMIBrAD4ymefa6XCVyWfO4OuBYWsUGa6-o
267,313,Aalok Shukla,https://media.licdn.cn/dms/image/C4E03AQH1Z8aF5rSY7g/profile-displayphoto-shrink_800_800/0?e=1588204800&v=beta&t=euNj8ES32HnIJUD_XNu_K-gXqIZXBllJmVxxT_KNHqA
268,314,Fabrice Elfassy,https://media.licdn.cn/dms/image/C5603AQHUxWDjqXiLuQ/profile-displayphoto-shrink_800_800/0?e=1588204800&v=beta&t=5DzpOWEDpMAsWIbVYmMwJikZnqb_EV5wGf2nY3JePpU
269,315,Jennifer Johansson,https://media.licdn.cn/dms/image/C5603AQFw_AEISjXmyw/profile-displayphoto-shrink_800_800/0?e=1588204800&v=beta&t=L-P_UgFC8Zjj3KqBfQgGoWUBQgFX9PlWmKFnfCjwVqo
270,316,John Nichols,https://media.licdn.cn/dms/image/C5603AQHjqvGP0CtBgg/profile-displayphoto-shrink_800_800/0?e=1588204800&v=beta&t=a1IIAA4DUcXg_DcX4fdr_aJAFtncZqSm6GG1uNdNNS8
271,318,Daniel McGlade,https://media.licdn.cn/dms/image/C4D03AQFBbMKDIroevw/profile-displayphoto-shrink_800_800/0?e=1588204800&v=beta&t=RS8yYwlY34cww3-AMVQ7mOpwa8o3wcOJKMiddF6zhAI
272,319,Brett Shanley,https://media.licdn.cn/dms/image/C5603AQFyhGWtkqslJQ/profile-displayphoto-shrink_800_800/0?e=1588204800&v=beta&t=oQPnQ3NKn3nWJbntiNqy5UQBiJ3nXgoUPCuYtnOllvM
273,321,Vaclav Potesil,https://media.licdn.cn/dms/image/C4D03AQGjwHlIyRX-Dg/profile-displayphoto-shrink_800_800/0?e=1588204800&v=beta&t=Y6-hzBEM1BdD3p8dYb-RPb5gmkSInYj-V7xnLfdb4ZQ
274,322,Hannah Burrow,https://media.licdn.cn/dms/image/C5603AQGl3hFoh1otig/profile-displayphoto-shrink_800_800/0?e=1588204800&v=beta&t=aq6j6ZmCBctTQNw3b65Wmer-oqTlUwWD3I5d5Jlh8ng
275,323,Dan Somers,https://media.licdn.cn/dms/image/C5103AQEi_T3i_fOi9g/profile-displayphoto-shrink_800_800/0?e=1588204800&v=beta&t=hWYkHRtOk04w61TY3tZypFk9mi425cbqBCbrqLvxLnA
276,325,Philip Orr,https://media.licdn.cn/dms/image/C5603AQHh5aTYGyvs4Q/profile-displayphoto-shrink_800_800/0?e=1588204800&v=beta&t=DpgOSMGAxn5CbO7zcJv-_yWQ4F28kRyKb6er2ld5zgg
277,328,Martin Dangerfield,https://media.licdn.cn/dms/image/C4E03AQFLwsv2neWBqw/profile-displayphoto-shrink_800_800/0?e=1588204800&v=beta&t=QX0ZcC0zwUOz0BIAyk5a1bWevS7Ro27OAbTvDZr8eds
278,331,mattia greco,https://media.licdn.cn/dms/image/C4D03AQF-4zc6V0YlUg/profile-displayphoto-shrink_800_800/0?e=1588204800&v=beta&t=oYX1IXFippbLh1ynzLey8cDGkC-pcJTbtSZYu4b6RqU
279,332,Charlie Kurban,https://media.licdn.cn/dms/image/C4D03AQERb1VC_-gkzA/profile-displayphoto-shrink_800_800/0?e=1588204800&v=beta&t=qCaAXnb62xAToraRj3DJcDv0lyo3i8mUDGvam000u7g
280,333,Sergey Kosse,https://media.licdn.cn/dms/image/C4E03AQGccEKwp9LoeQ/profile-displayphoto-shrink_800_800/0?e=1588204800&v=beta&t=__gqgs7IMELPRB4VjcIWw3ypPMnSvXHkh1SWCkdqvMc
281,334,Niels Meibom-Larsen,https://media.licdn.cn/dms/image/C5603AQEWaroutYju7Q/profile-displayphoto-shrink_800_800/0?e=1588204800&v=beta&t=b-JzFyeDz5UAG8q7_mrc3pJfvu9os4p8nmC2likQAnA
282,336,Sheena Macpherson,https://media.licdn.cn/dms/image/C4D03AQGYWvuH8pJFXw/profile-displayphoto-shrink_800_800/0?e=1588204800&v=beta&t=K-Ru_msHWkFAtZBUe3HzJi4sXuHUQgvx-aB_iyL-dn0
283,337,Richard  Cohen,https://media.licdn.cn/dms/image/C5603AQGuK1BMz51nww/profile-displayphoto-shrink_800_800/0?e=1588204800&v=beta&t=25pp5CD8dCoOYEAEMV4ChSTZiAzkg8pI6avECM4j8vE
284,339,Draven McConville,https://media.licdn.cn/dms/image/C5603AQELJTdyGfl4Cg/profile-displayphoto-shrink_800_800/0?e=1588204800&v=beta&t=UFWyTsESwOg-xU-t9jM9mQeciwz3MeMkPgonWPg8Jdc
285,340,Charles Armitage,https://media.licdn.cn/dms/image/C5603AQF8oMHOfYYH9Q/profile-displayphoto-shrink_800_800/0?e=1588204800&v=beta&t=gkJBu327I6JbNXVk7NvvccJd0_5ng0qc1Vh_suuV7tM
